Names,Dates,Author
Free White Paper: E-commerce Drives ROI Upwards with Alternative Data,"Oct 07, 2021",Adomas Sulcas
Oxylabs Proxy Integration With Ghost Browser,"Oct 22, 2021",Monika Maslauskaite
Proxy Integration With WebHarvy,"Oct 22, 2021",Augustas Pelakauskas
Playwright Proxy Integration With Oxylabs,"Oct 22, 2021",Iveta Vistorskyte
What Is Sentiment Analysis?,"Oct 22, 2021",Maryia Stsiopkina
Proxy Integration With Octoparse,"Oct 21, 2021",Maryia Stsiopkina
News Scraping: Everything You Need to Know,"Oct 18, 2021",Iveta Vistorskyte
What Is Data Normalization?,"Oct 18, 2021",Monika Maslauskaite
Incogniton Integration with Oxylabs,"Oct 14, 2021",Augustas Pelakauskas
Web Scraping with Playwright: Tutorial for 2021,"Oct 13, 2021",Iveta Vistorskyte
Selenium Proxy Integration with Oxylabs,"Oct 11, 2021",Iveta Vistorskyte
Next Chapter for Real-Time Crawler: New Products With Dedicated Focus,"Oct 06, 2021",Gabija Fatenaite
Web Scraper API Quick Start Guide,"Oct 06, 2021",Monika Maslauskaite
E-Commerce Scraper API Quick Start Guide,"Oct 06, 2021",Iveta Vistorskyte
SERP Scraper API Quick Start Guide,"Oct 06, 2021",Maryia Stsiopkina
Free White Paper: Proxies Buying Guide for Enterprises,"Sep 27, 2021",Monika Maslauskaite
Data Wrangling: What Is It and Why Is It Important?,"Sep 23, 2021",Iveta Vistorskyte
Most Common HTTP Headers,"Sep 20, 2021",Vytautas Kirjazovas
HTTP vs. HTTPS: What Is the Difference?,"Sep 17, 2021",Maryia Stsiopkina
Rotating ISP Proxies: Be in Control of Your Scraping Sessions,"Sep 17, 2021",Maryia Stsiopkina
13 Tips on How to Crawl a Website Without Getting Blocked,"Sep 16, 2021",Adelina Kiskyte
Introducing Mobile Proxies: Harness the Power of Mobile IPs,"Sep 15, 2021",Iveta Vistorskyte
Firmographic Data for Marketing: Everything You Need to Know,"Sep 14, 2021",Maryia Stsiopkina
What Is Parsing of Data?,"Sep 13, 2021",Gabija Fatenaite
Data-Driven Marketing: How Big Data Helps Make Business Decisions,"Sep 02, 2021",Maryia Stsiopkina
How to Read HTML Tables with Pandas,"Sep 01, 2021",Iveta Vistorskyte
How To Hide IP Address,"Aug 30, 2021",Lukas Motiejunas
Reading & Parsing JSON Data With Python: Tutorial,"Aug 30, 2021",Monika Maslauskaite
lxml Tutorial: XML Processing and Web Scraping With lxml,"Aug 30, 2021",Gabija Fatenaite
The Role of Web Scraping in Data-Driven Investing,"Aug 30, 2021",Iveta Vistorskyte
OxyCon 2021: The Top Takeaways From Day Two,"Aug 27, 2021",Maryia Stsiopkina
OxyCon 2021: The Top Takeaways From Day One,"Aug 25, 2021",Monika Maslauskaite
Oxylabs Proxy Integration With Puppeteer,"Aug 19, 2021",Monika Maslauskaite
Free White Paper: Web Scraping in the Travel Industry: Main Challenges and Use Cases,"Aug 18, 2021",Iveta Vistorskyte
What Is Financial Data?,"Aug 18, 2021",Maryia Stsiopkina
WebSocket vs HTTP: The Differences,"Aug 18, 2021",Maryia Stsiopkina
How to Test Proxies,"Aug 13, 2021",Maryia Stsiopkina
Free White Paper: How to Build a Successful Competitive Intelligence Process?,"Aug 11, 2021",Iveta Vistorskyte
Oxylabs Proxy Integration With Undetectable.io,"Aug 11, 2021",Vejune Tamuliunaite
How to Use cURL With Proxy?,"Aug 09, 2021",Iveta Vistorskyte
Python Web Scraping Tutorial: Step-By-Step,"Aug 09, 2021",Adomas Sulcas
OxyCon Agenda Announced – How to Make the Most of It?,"Aug 06, 2021",Adelina Kiskyte
Web Scraping With C#,"Aug 02, 2021",Monika Maslauskaite
Web Scraping With Java,"Aug 02, 2021",Maryia Stsiopkina
ML-Based Adaptive Parser Is Now In Production,"Jul 23, 2021",Maryia Stsiopkina
What is API (Application Programming Interface)?,"Jul 19, 2021",Iveta Vistorskyte
What is a Private Proxy? [Quick Guide 2021],"Jul 14, 2021",Lukas Motiejunas
Real Estate Web Scraping: How’s It Revolutionizing this Industry?,"Jul 14, 2021",Vytautas Kirjazovas
What Is a Bot and How Does It Work?,"Jul 13, 2021",Vejune Tamuliunaite
The Driving Force of Search Engine Ad Intelligence,"Jul 13, 2021",Iveta Vistorskyte
Business Leads Scraper: What Do You Need To Know?,"Jul 13, 2021",Gabija Fatenaite
XPath vs CSS Selectors,"Jul 13, 2021",Monika Maslauskaite
Proxy vs VPN,"Jul 13, 2021",Vytautas Kirjazovas
Sources of Competitive Intelligence and Best Practices,"Jul 09, 2021",Iveta Vistorskyte
Free White Paper: Why Is Alternative Data Playing an Increasingly Larger Role in Financial Markets,"Jul 09, 2021",Monika Maslauskaite
Reverse Proxy vs. Forward Proxy: The Differences,"Jul 08, 2021",Iveta Vistorskyte
Is Web Scraping Legal?,"Jul 06, 2021",Gabija Fatenaite
Pagination In Web Scraping: How Challenging It May Be,"Jul 06, 2021",Vejune Tamuliunaite
What Is an IP Address?,"Jul 04, 2021",Vejune Tamuliunaite
Datacenter Proxies vs Residential Proxies,"Jul 01, 2021",Lukas Motiejunas
Concurrency vs Parallelism: The Main Differences,"Jul 01, 2021",Iveta Vistorskyte
Free White Paper: Alternative Data Brings Opportunities to The Financial Sector,"Jun 29, 2021",Adomas Sulcas
Residential Proxy Self-Service Update: Easily Change Your Plan!,"Jun 23, 2021",Gabija Fatenaite
Oxylabs Webinar: Web Scraping for Business – Why Every Company Should Do It,"Jun 23, 2021",Vejune Tamuliunaite
Manage Your Datacenter Proxies Via Datacenter Proxy API,"Jun 22, 2021",Gabija Fatenaite
What is a Rotating IP Address?,"Jun 21, 2021",Lukas Motiejunas
Free Webinar: Why Ethically Sourced Proxies Should Be The Only Proxies,"Jun 17, 2021",Iveta Vistorskyte
What is Jupyter Notebook: Introduction,"Jun 16, 2021",Iveta Vistorskyte
Search Engine Scraping: What You Should Know,"Jun 10, 2021",Iveta Vistorskyte
Choosing Between SOCKS vs HTTP Proxy,"Jun 08, 2021",Vejune Tamuliunaite
Web Scraping Project Ideas: Where to Begin?,"Jun 03, 2021",Gabija Fatenaite
OxyCon 2021: Web Scraping Conference You Don’t Want To Miss,"Jun 02, 2021",Iveta Vistorskyte
What Is A Honeypot and How Does It Work?,"Jun 01, 2021",Iveta Vistorskyte
Residential Proxy Sourcing: Risks,"May 27, 2021",Jurgita Tuzikaite
Pricing Intelligence: Focus on Data-Driven Decision Making,"May 21, 2021",Iveta Vistorskyte
Building Price Scraping Tools: Picking the Best Proxies,"May 13, 2021",Gabija Fatenaite
Web Scraping vs Web Crawling: The Differences,"May 04, 2021",Gabija Fatenaite
Residential Proxy Sourcing: Worst Practices,"Apr 29, 2021",Jurgita Tuzikaite
Postern Proxy Integration with Oxylabs,"Apr 07, 2021",Gabija Fatenaite
E-Commerce Keywords Research: Data Collection Challenges and Solutions,"Apr 01, 2021",Iveta Vistorskyte
What Is Online Reputation Management?,"Mar 29, 2021",Vejune Tamuliunaite
Shadowrocket Integration With Oxylabs,"Mar 26, 2021",Gabija Fatenaite
What is a Headless Browser?,"Mar 26, 2021",Adelina Kiskyte
Under the Hood of Anti-Counterfeiting Technology,"Mar 24, 2021",Adelina Kiskyte
Oxylabs Signs Exclusive Contract with Honeygain,"Mar 18, 2021",Jurgita Tuzikaite
Oxylabs Solutions Help Searchmetrics Provide Fresh Data,"Mar 17, 2021",Adelina Kiskyte
What is Browser Fingerprinting?,"Mar 17, 2021",Adomas Sulcas
What is Phishing?,"Mar 17, 2021",Adelina Kiskyte
What is Web Scraping?,"Mar 16, 2021",Iveta Vistorskyte
How to Avoid Phishing With Proxies?,"Mar 15, 2021",Vejune Tamuliunaite
Oxylabs Webinar: Web Scraping From a Legal Perspective,"Mar 05, 2021",Gabija Fatenaite
Free White Paper: Guide to Threat Intelligence Data Acquisition,"Mar 05, 2021",Iveta Vistorskyte
Free White Paper: Commercial Data as Alternative Data for Financial Industry,"Mar 04, 2021",Adelina Kiskyte
How Proxies Help Improve Ad Verification?,"Mar 01, 2021",Iveta Vistorskyte
Web Scraping Job Postings: Challenges and Best Solutions,"Feb 26, 2021",Gabija Fatenaite
SERP Scraper API Equips Pi-Datametrics With Timely and Reliable Data,"Feb 23, 2021",Gabija Fatenaite
Datacenter Proxies Quick Start Guide,"Feb 09, 2021",Adelina Kiskyte
Finance Companies Pay the Price for Overlooking Alternative Data,"Feb 03, 2021",Adelina Kiskyte
What is a Proxy Server [2021 Guide],"Feb 02, 2021",Adomas Sulcas
What Are Backconnect Proxies?,"Jan 28, 2021",Iveta Vistorskyte
VMLogin Integration with Oxylabs,"Jan 27, 2021",Adelina Kiskyte
Screening Multiple Targets for Cybersecurity,"Jan 14, 2021",Vejune Tamuliunaite
How to Build a Web Scraper?,"Jan 13, 2021",Iveta Vistorskyte
What Is HTTP Proxy?,"Jan 12, 2021",Adelina Kiskyte
How to Detect Bot Traffic?,"Jan 08, 2021",Gabija Fatenaite
Scraping Images for Intellectual Property Protection,"Jan 07, 2021",Vejune Tamuliunaite
Illegal Content: How We Built an AI-powered Tool to Detect It Online,"Dec 21, 2020",Adelina Kiskyte
E-commerce Data Sources You Should Be Scraping in 2021,"Dec 21, 2020",Adomas Sulcas
Online Media Monitoring: Challenges and Solutions,"Dec 18, 2020",Iveta Vistorskyte
Real-Time Crawler Browser Integration Unveiled,"Dec 17, 2020",Adomas Sulcas
Scraping Product Information: Static vs Rotating Proxies,"Dec 17, 2020",Gabija Fatenaite
The Ultimate Guide on Choosing Proxies for Email Protection,"Dec 14, 2020",Iveta Vistorskyte
Web Scraping on a Large-Scale for E-Commerce (Ultimate Guide),"Dec 11, 2020",Gabija Fatenaite
Oxylabs Team Presents a Winning Solution for Cleaner Internet,"Dec 11, 2020",Jurgita Tuzikaite
CEO’s Guide to Data Extraction,"Dec 09, 2020",Adelina Kiskyte
Acquiring Data Directly From Search Engines: Methods,"Dec 08, 2020",Adelina Kiskyte
Proxies for Cybersecurity Solutions,"Dec 07, 2020",Adomas Sulcas
Proxy SwitchyOmega: A Reliable Proxy Manager,"Dec 04, 2020",Gabija Fatenaite
The Ultimate Guide on Web Scraping for Brand Protection,"Dec 01, 2020",Iveta Vistorskyte
Semi-Dedicated Proxies: What Are They?,"Nov 30, 2020",Vejune Tamuliunaite
AdsPower Proxy Integration with Oxylabs,"Nov 25, 2020",Iveta Vistorskyte
Oxylabs Residential Proxies Unlock the World for trivago,"Nov 25, 2020",Adomas Sulcas
How to Extract Data from A Website?,"Nov 13, 2020",Iveta Vistorskyte
What is MAP Monitoring?,"Nov 11, 2020",Adelina Kiskyte
What is Dynamic Pricing?,"Nov 05, 2020",Adelina Kiskyte
What is Load Testing?,"Oct 23, 2020",Vejune Tamuliunaite
Are SOCKS5 Proxies Secure Enough for Your Business Needs?,"Oct 23, 2020",Gabija Fatenaite
CTO’s Checklist: 6 Things to Know About Web Scraping,"Oct 13, 2020",Gabija Fatenaite
What Are HTTP Cookies and What Are They Used For?,"Oct 13, 2020",Iveta Vistorskyte
Oxylabs Webinar: The Future of Web Scraping – Next-Gen Residential Proxies,"Oct 08, 2020",Iveta Vistorskyte
What is Python Used For: Top 6 Options,"Oct 07, 2020",Iveta Vistorskyte
Oxylabs Wins GovTech Lab Challenge With AI-Driven Solution,"Oct 06, 2020",Jurgita Tuzikaite
How to Configure a Proxy Server in Firefox?,"Oct 02, 2020",Iveta Vistorskyte
Puppeteer Tutorial: Scraping With a Headless Browser,"Sep 30, 2020",Gabija Fatenaite
Residential Proxies Quick Start Guide,"Sep 29, 2020",Adomas Sulcas
What is Alternative Data?,"Sep 28, 2020",Gabija Fatenaite
Residential Proxy Acquisition: Best Practices,"Sep 24, 2020",Jurgita Tuzikaite
IPv4 vs. IPv6: What is the Difference?,"Sep 23, 2020",Iveta Vistorskyte
What is cURL and What Does It Mean?,"Sep 21, 2020",Adomas Sulcas
Python Requests Library,"Sep 19, 2020",Adomas Sulcas
Kameleo Proxy Integration with Oxylabs,"Sep 18, 2020",Iveta Vistorskyte
Proxy Integration With GoLogin,"Sep 16, 2020",Iveta Vistorskyte
Free White Paper: Load Testing with Residential Proxies,"Sep 16, 2020",Adelina Kiskyte
How Do CAPTCHAs Work?,"Sep 15, 2020",Adelina Kiskyte
Oxylabs Reaches 100M+ Ethically-Obtained Residential Proxies Mark,"Sep 14, 2020",Vytautas Kirjazovas
What is a Web Crawler?,"Aug 31, 2020",Adelina Kiskyte
Free White Paper: The Application of AI and ML in Large-Scale Data Gathering Operations,"Aug 26, 2020",Gabija Fatenaite
Oxylabs Sets Clear Standards for Residential Proxy Acquisition,"Aug 21, 2020",Jurgita Tuzikaite
ML-based Adaptive Parser for Product Page Scraping,"Aug 21, 2020",Gabija Fatenaite
Using Python and Beautiful Soup to Parse Data: Intro Tutorial,"Aug 14, 2020",Adomas Sulcas
Oxylabs Establishes AI and ML Advisory Board,"Aug 10, 2020",Vytautas Kirjazovas
Web Scraping with JavaScript and Node.js,"Aug 09, 2020",Adelina Kiskyte
Next-Gen Residential Proxies Vs Regular Residential Proxies,"Aug 05, 2020",Gabija Fatenaite
AI-Fueled Proxy Service Revolution: Next-Gen Residential Proxies,"Aug 05, 2020",Jurgita Tuzikaite
Oxylabs Is Launching Next-Gen Residential Proxies,"Aug 03, 2020",Vytautas Kirjazovas
Web Scraping With Selenium: DIY or Buy?,"Jul 15, 2020",Gabija Fatenaite
Setting the Right Approach to Web Scraping,"Jun 26, 2020",Iveta Vistorskyte
Scrape Images From a Website with Python,"Jun 22, 2020",Adomas Sulcas
Choosing the Right Proxy Service Provider,"Jun 22, 2020",Iveta Vistorskyte
HTTP Headers Explained,"Jun 21, 2020",Mantas Miksenas
Real-Time Crawler Quick Start Guide,"Jun 19, 2020",Adelina Kiskyte
Oxylabs Webinar: Residential Proxy Usage Mistakes and How to Solve Them,"Jun 18, 2020",Iveta Vistorskyte
Helping to Save on Data Acquisition Costs for Pricing Intelligence,"Jun 01, 2020",Iveta Vistorskyte
"Oxylabs Filed Antitrust Claims Against Luminati (now Bright Data), Its Investor EMK Capital, and Hola","May 29, 2020",Vytautas Kirjazovas
Reducing Data Acquisition Costs For Search Intelligence Company,"May 28, 2020",Iveta Vistorskyte
Oxylabs Partnership With CoronaMapper: Another Success Story,"May 26, 2020",Jurgita Tuzikaite
Building Your Own Yellow Pages Scraper,"May 25, 2020",Iveta Vistorskyte
TrackCorona Skyrockets to Popularity After Collaborating With Oxylabs,"May 20, 2020",Jurgita Tuzikaite
Building Up Web Robots: Oxylabs’ Proxies Bring Expansion,"May 19, 2020",Adomas Sulcas
Stock Market Data – How to Scrape It,"May 18, 2020",Adomas Sulcas
Most Common User Agents For Price Scraping,"May 12, 2020",Iveta Vistorskyte
Automotive Industry Data Scraping: How’s It Changing this Market?,"May 11, 2020",Vytautas Kirjazovas
How to Achieve Cost-effective and Scalable Web Scraping for Product Listings,"May 05, 2020",Adomas Sulcas
How to Use Proxy Rotator: Make the Most of Your Datacenter Proxies,"Apr 29, 2020",Adelina Kiskyte
Data Gathering Methods for E-Commerce: Building Web Scrapers,"Apr 28, 2020",Adomas Sulcas
What Web Crawling Advantages Does Real-Time Crawler Provide?,"Apr 27, 2020",Vytautas Kirjazovas
Shared Proxies: What are They?,"Apr 24, 2020",Mantas Miksenas
Introducing Oxylabs Self-Service!,"Apr 22, 2020",Adomas Sulcas
Oxylabs and Lloyd’s Partnership: Cyber Insurance for All Proxy Solutions,"Apr 22, 2020",Gabija Fatenaite
Optimizing Dynamic Pricing for E-commerce,"Apr 21, 2020",Adomas Sulcas
What is SSL Proxy and What Are Its Benefits?,"Apr 16, 2020",Vytautas Kirjazovas
"Update Regarding January 3, 2020 Oxylabs-Resolved Lawsuit With Luminati (now Bright Data﻿)","Apr 14, 2020",Vytautas Kirjazovas
What Is a Static Proxy?,"Apr 04, 2020",Lukas Motiejunas
Oxylabs Announces Partnership With CoronaMapper,"Apr 01, 2020",Julius Cerniauskas
Oxylabs Announces Partnership With Student-led TrackCorona,"Mar 26, 2020",Julius Cerniauskas
Reaching the World-Leading Number of Residential Proxies,"Mar 26, 2020",Gabija Fatenaite
Data Mining and Machine Learning: What’s the Difference?,"Mar 19, 2020",Adomas Sulcas
Oxylabs Update: Coronavirus,"Mar 13, 2020",Julius Cerniauskas
What is Data Aggregation?,"Mar 12, 2020",Adomas Sulcas
Gathering Data for Sales Intelligence,"Mar 10, 2020",Gabija Fatenaite
Oxylabs Sued Luminati (now Bright Data) and Its Investor EMK Capital LLP for Unfair Competition,"Mar 09, 2020",Vytautas Kirjazovas
Oxylabs’ 2020 Trend Report: Regions,"Mar 06, 2020",Gabija Fatenaite
Oxylabs’ 2020 Trend Report: Real-Time Crawler,"Mar 04, 2020",Gabija Fatenaite
Oxylabs’ 2020 Trend Report: Residential Proxies,"Mar 03, 2020",Gabija Fatenaite
Oxylabs’ 2020 Trend Report: 2017-2019 Case Studies,"Mar 02, 2020",Adomas Sulcas
Oxylabs’ 2020 Trend Report: Datacenter Proxies,"Feb 27, 2020",Adomas Sulcas
Setting Up Proxies With Proxifier,"Feb 26, 2020",Gabija Fatenaite
Introducing a Smaller Residential Proxies Pricing Plan,"Feb 26, 2020",Adomas Sulcas
Set Up Your Proxies With Multilogin,"Feb 21, 2020",Gabija Fatenaite
The Rising Demand for Data: Oxylabs’ 2020 Trend Report,"Feb 13, 2020",Adomas Sulcas
Oxylabs Real-Time Crawler: Impossible Is Just an Opinion,"Feb 06, 2020",Vytautas Kirjazovas
How To Set up FoxyProxy with Oxylabs Proxies,"Jan 30, 2020",Adomas Sulcas
Join Us for a Networking Event for Web Scraping Professionals,"Jan 24, 2020",Vytautas Kirjazovas
Update Regarding Luminati (now Bright Data) vs. Oxylabs Legal Case,"Jan 23, 2020",Vytautas Kirjazovas
Jarvee: What It Is and How to Set Up Its Proxies,"Jan 22, 2020",Gabija Fatenaite
Real-Time Crawler Sees a Further Enhancement,"Jan 16, 2020",Vytautas Kirjazovas
Black Friday Web Scraping Insights,"Dec 05, 2019",Vytautas Kirjazovas
How We Handle Changes Implemented By Data Sources,"Nov 25, 2019",Vytautas Kirjazovas
Subscribing to Oxylabs’ YouTube Channel Is Worth It!,"Oct 31, 2019",Vytautas Kirjazovas
Scraping the Web With 100% Success Rate,"Oct 10, 2019",Gabija Fatenaite
Fingerprinting and Its Impact on Web Scraping,"Oct 10, 2019",Vytautas Kirjazovas
Scraping Trends and Infrastructure Sustainability,"Oct 09, 2019",Vytautas Kirjazovas
Using Browsers as a Service for Web Data Gathering,"Oct 08, 2019",Vytautas Kirjazovas
How Websites Block Bots,"Oct 04, 2019",Gabija Fatenaite
OxyCon 2019: The Top Takeaways From Day Two,"Oct 02, 2019",Gabija Fatenaite
OxyCon 2019: The Top Takeaways From Day One,"Oct 01, 2019",Vytautas Kirjazovas
OxyCon 2019: Data Gathering Conference for Leading Businesses,"Sep 19, 2019",Gabija Fatenaite
Data Collection Industry: Q2 Insights and Predictions for Q3,"Aug 06, 2019",Gabija Fatenaite
Introducing Oxylabs’ Data Research Team,"Jul 17, 2019",Vytautas Kirjazovas
Callback vs. Real-Time: Best Data Delivery Methods,"May 28, 2019",Gabija Fatenaite
Chrome Proxy Settings: How to Use it,"Apr 24, 2019",Gabija Fatenaite
Dedicated IPs vs. Shared IPs,"Jan 09, 2019",Gabija Fatenaite
